Title,Description,Link,Media URL,Pinterest board,Publish date
Free 26 Addition Math Worksheet For Grade 1 | Printable Practice,Fun and engaging Addition worksheet for Grade 1. Perfect printable math practice.,https://mathworksheetkidscoloringspot.github.io/html/free-26-addition-math-worksheet-for-grade-1-1351.html,https://mathworksheetkidscoloringspot.github.io/images/free-26-addition-math-worksheet-for-grade-1-1351.jpg,Homeschool Math,03/17/2026 08:27:00 AM
Printable Count and Color Worksheet for Preschool Kids,Printable Count and Color worksheet designed for Preschool students. Easy and fun math practice.,https://mathworksheetkidscoloringspot.github.io/html/printable-count-and-color-worksheet-for-preschool-kids-2201.html,https://mathworksheetkidscoloringspot.github.io/images/printable-count-and-color-worksheet-for-preschool-kids-2201.jpg,Homeschool Math,03/17/2026 11:00:00 AM
Free Counting Objects Worksheet For Pre-K Printable - Part 3 | Printable Practice,Printable Counting Objects worksheet designed for Pre-K students. Easy and fun math practice.,https://mathworksheetkidscoloringspot.github.io/html/free-counting-objects-worksheet-for-pre-k-printable-part-3-3570.html,https://mathworksheetkidscoloringspot.github.io/images/free-counting-objects-worksheet-for-pre-k-printable-part-3-3570.jpg,Math Practice Printables,03/17/2026 01:35:00 PM
Free 20 Division Math Worksheet For Grade 1 - Part 4 | Printable Practice,Fun and engaging Division worksheet for Grade 1. Perfect printable math practice.,https://mathworksheetkidscoloringspot.github.io/html/free-20-division-math-worksheet-for-grade-1-part-4-5231.html,https://mathworksheetkidscoloringspot.github.io/images/free-20-division-math-worksheet-for-grade-1-part-4-5231.jpg,Math Practice Printables,03/17/2026 04:34:00 PM
4 General Math Quiz Printable Worksheet,Help kids master Math with this printable worksheet for Math. Great for daily math practice.,https://mathworksheetkidscoloringspot.github.io/html/4-general-math-quiz-printable-worksheet-8742.html,https://mathworksheetkidscoloringspot.github.io/images/4-general-math-quiz-printable-worksheet-8742.jpg,Homeschool Math,03/17/2026 08:36:00 PM
Missing Number Math Worksheet,Printable Missing Number worksheet designed for Grade 1 students. Easy and fun math practice.,https://mathworksheetkidscoloringspot.github.io/html/missing-number-math-worksheet-3308.html,https://mathworksheetkidscoloringspot.github.io/images/missing-number-math-worksheet-3308.jpg,Kids Math Worksheets,03/18/2026 08:28:00 AM
Mixed Operations Math Worksheet,Help kids master Mixed Operations with this printable worksheet for Grade 3. Great for daily math practice.,https://mathworksheetkidscoloringspot.github.io/html/mixed-operations-math-worksheet-1432.html,https://mathworksheetkidscoloringspot.github.io/images/mixed-operations-math-worksheet-1432.jpg,Math Practice Printables,03/18/2026 11:00:00 AM
Free 24 Multiplication Math Worksheet For Grade 1 With Answers - Part 8 | Printable Practice,Teachers and parents love this Multiplication worksheet for Grade 1. Download and print instantly.,https://mathworksheetkidscoloringspot.github.io/html/free-24-multiplication-math-worksheet-for-grade-1-with-answers-part-8-1642.html,https://mathworksheetkidscoloringspot.github.io/images/free-24-multiplication-math-worksheet-for-grade-1-with-answers-part-8-1642.jpg,Elementary Math Activities,03/18/2026 01:35:00 PM
Free 26 Subtraction Math Worksheet For Grade 5 - Part 9 | Printable Practice,Teachers and parents love this Subtraction worksheet for Grade 5. Download and print instantly.,https://mathworksheetkidscoloringspot.github.io/html/free-26-subtraction-math-worksheet-for-grade-5-part-9-3605.html,https://mathworksheetkidscoloringspot.github.io/images/free-26-subtraction-math-worksheet-for-grade-5-part-9-3605.jpg,Homeschool Math,03/18/2026 04:24:00 PM
10 Times Table Worksheet For Grade 3 - Part 10 | Printable Practice,Free printable Times Table worksheet for Grade 3. Perfect for homeschool practice and classroom activities.,https://mathworksheetkidscoloringspot.github.io/html/10-times-table-worksheet-for-grade-3-part-10-8816.html,https://mathworksheetkidscoloringspot.github.io/images/10-times-table-worksheet-for-grade-3-part-10-8816.jpg,Printable Worksheets,03/18/2026 08:38:00 PM
Printable Tracing Worksheet For Kids - Part 11 | Free Printable,Free printable Tracing worksheet for Kindergarten. Perfect for homeschool practice and classroom activities.,https://mathworksheetkidscoloringspot.github.io/html/printable-tracing-worksheet-for-kids-part-11-7385.html,https://mathworksheetkidscoloringspot.github.io/images/printable-tracing-worksheet-for-kids-part-11-7385.jpg,Printable Worksheets,03/19/2026 08:26:00 AM
Math Word Problem Worksheet,Help kids master Word Problem with this printable worksheet for Grade 3. Great for daily math practice.,https://mathworksheetkidscoloringspot.github.io/html/math-word-problem-worksheet-3392.html,https://mathworksheetkidscoloringspot.github.io/images/math-word-problem-worksheet-3392.jpg,Homeschool Math,03/19/2026 11:07:00 AM
Grade 1 Addition Practice Worksheet (10 Problems) - Part 13 | Printable Practice,Help kids master Addition with this printable worksheet for Grade 1. Great for daily math practice.,https://mathworksheetkidscoloringspot.github.io/html/grade-1-addition-practice-worksheet-10-problems-part-13-3147.html,https://mathworksheetkidscoloringspot.github.io/images/grade-1-addition-practice-worksheet-10-problems-part-13-3147.jpg,Elementary Math Activities,03/19/2026 01:30:00 PM
"Count and Color Flower, Car, Car Worksheet for Kids",Teachers and parents love this Count and Color worksheet for Grade 1. Download and print instantly.,https://mathworksheetkidscoloringspot.github.io/html/count-and-color-flower-car-car-worksheet-for-kids-9467.html,https://mathworksheetkidscoloringspot.github.io/images/count-and-color-flower-car-car-worksheet-for-kids-9467.jpg,Printable Worksheets,03/19/2026 04:31:00 PM
Kindergarten Count The Objects Worksheet - Part 15 | Printable Practice,Printable Counting Objects worksheet designed for Kindergarten students. Easy and fun math practice.,https://mathworksheetkidscoloringspot.github.io/html/kindergarten-count-the-objects-worksheet-part-15-9717.html,https://mathworksheetkidscoloringspot.github.io/images/kindergarten-count-the-objects-worksheet-part-15-9717.jpg,Elementary Math Activities,03/19/2026 08:25:00 PM
Free 21 Division Math Worksheet For Grade 2 With Answers - Part 16 | Printable Practice,Printable Division worksheet designed for Grade 2 students. Easy and fun math practice.,https://mathworksheetkidscoloringspot.github.io/html/free-21-division-math-worksheet-for-grade-2-with-answers-part-16-9208.html,https://mathworksheetkidscoloringspot.github.io/images/free-21-division-math-worksheet-for-grade-2-with-answers-part-16-9208.jpg,Homeschool Math,03/20/2026 08:25:00 AM
7 Mathematics Quiz Test Worksheet for Math Learners,Fun and engaging Math worksheet for Math. Perfect printable math practice.,https://mathworksheetkidscoloringspot.github.io/html/7-mathematics-quiz-test-worksheet-for-math-learners-1334.html,https://mathworksheetkidscoloringspot.github.io/images/7-mathematics-quiz-test-worksheet-for-math-learners-1334.jpg,Math Practice Printables,03/20/2026 11:00:00 AM
Missing Number Math Worksheet,Printable Missing Number worksheet designed for Grade 1 students. Easy and fun math practice.,https://mathworksheetkidscoloringspot.github.io/html/missing-number-math-worksheet-3334.html,https://mathworksheetkidscoloringspot.github.io/images/missing-number-math-worksheet-3334.jpg,Math Practice Printables,03/20/2026 01:27:00 PM
Mixed Operations Math Worksheet,Help kids master Mixed Operations with this printable worksheet for Grade 3. Great for daily math practice.,https://mathworksheetkidscoloringspot.github.io/html/mixed-operations-math-worksheet-3773.html,https://mathworksheetkidscoloringspot.github.io/images/mixed-operations-math-worksheet-3773.jpg,Homeschool Math,03/20/2026 04:22:00 PM
Free 15 Multiplication Math Worksheet For Grade 2 With Answers - Part 20 | Printable Practice,Fun and engaging Multiplication worksheet for Grade 2. Perfect printable math practice.,https://mathworksheetkidscoloringspot.github.io/html/free-15-multiplication-math-worksheet-for-grade-2-with-answers-part-20-3524.html,https://mathworksheetkidscoloringspot.github.io/images/free-15-multiplication-math-worksheet-for-grade-2-with-answers-part-20-3524.jpg,Math Practice Printables,03/20/2026 08:27:00 PM
Free 16 Subtraction Math Worksheet For Grade 3 - Part 21 | Printable Practice,Teachers and parents love this Subtraction worksheet for Grade 3. Download and print instantly.,https://mathworksheetkidscoloringspot.github.io/html/free-16-subtraction-math-worksheet-for-grade-3-part-21-8777.html,https://mathworksheetkidscoloringspot.github.io/images/free-16-subtraction-math-worksheet-for-grade-3-part-21-8777.jpg,Elementary Math Activities,03/21/2026 08:31:00 AM
6 Times Table Worksheet For Grade 3 - Part 22 | Printable Practice,Fun and engaging Times Table worksheet for Grade 3. Perfect printable math practice.,https://mathworksheetkidscoloringspot.github.io/html/6-times-table-worksheet-for-grade-3-part-22-9458.html,https://mathworksheetkidscoloringspot.github.io/images/6-times-table-worksheet-for-grade-3-part-22-9458.jpg,Elementary Math Activities,03/21/2026 11:00:00 AM
Printable Tracing Worksheet For Kids - Part 23 | Free Printable,Printable Tracing worksheet designed for Kindergarten students. Easy and fun math practice.,https://mathworksheetkidscoloringspot.github.io/html/printable-tracing-worksheet-for-kids-part-23-4220.html,https://mathworksheetkidscoloringspot.github.io/images/printable-tracing-worksheet-for-kids-part-23-4220.jpg,Homeschool Math,03/21/2026 01:38:00 PM
Math Word Problem Worksheet,Free printable Word Problem worksheet for Grade 3. Perfect for homeschool practice and classroom activities.,https://mathworksheetkidscoloringspot.github.io/html/math-word-problem-worksheet-2139.html,https://mathworksheetkidscoloringspot.github.io/images/math-word-problem-worksheet-2139.jpg,Elementary Math Activities,03/21/2026 04:26:00 PM
Free 29 Addition Math Worksheet For Grade 5 With Answers - Part 25 | Printable Practice,Fun and engaging Addition worksheet for Grade 5. Perfect printable math practice.,https://mathworksheetkidscoloringspot.github.io/html/free-29-addition-math-worksheet-for-grade-5-with-answers-part-25-6785.html,https://mathworksheetkidscoloringspot.github.io/images/free-29-addition-math-worksheet-for-grade-5-with-answers-part-25-6785.jpg,Elementary Math Activities,03/21/2026 08:33:00 PM
Free Grade 1 Count and Color Worksheet,Free printable Count and Color worksheet for Grade 1. Perfect for homeschool practice and classroom activities.,https://mathworksheetkidscoloringspot.github.io/html/free-grade-1-count-and-color-worksheet-3678.html,https://mathworksheetkidscoloringspot.github.io/images/free-grade-1-count-and-color-worksheet-3678.jpg,Math Practice Printables,03/22/2026 08:37:00 AM
Free Counting Objects Worksheet For Pre-K Printable - Part 27 | Printable Practice,Printable Counting Objects worksheet designed for Pre-K students. Easy and fun math practice.,https://mathworksheetkidscoloringspot.github.io/html/free-counting-objects-worksheet-for-pre-k-printable-part-27-5197.html,https://mathworksheetkidscoloringspot.github.io/images/free-counting-objects-worksheet-for-pre-k-printable-part-27-5197.jpg,Printable Worksheets,03/22/2026 11:03:00 AM
Free 22 Division Math Worksheet For Grade 2 - Part 28 | Printable Practice,Free printable Division worksheet for Grade 2. Perfect for homeschool practice and classroom activities.,https://mathworksheetkidscoloringspot.github.io/html/free-22-division-math-worksheet-for-grade-2-part-28-4429.html,https://mathworksheetkidscoloringspot.github.io/images/free-22-division-math-worksheet-for-grade-2-part-28-4429.jpg,Printable Worksheets,03/22/2026 01:24:00 PM
4 Math Trivia Practice Worksheet,Teachers and parents love this Math worksheet for Math. Download and print instantly.,https://mathworksheetkidscoloringspot.github.io/html/4-math-trivia-practice-worksheet-8934.html,https://mathworksheetkidscoloringspot.github.io/images/4-math-trivia-practice-worksheet-8934.jpg,Kids Math Worksheets,03/22/2026 04:32:00 PM
Missing Number Math Worksheet,Help kids master Missing Number with this printable worksheet for Grade 1. Great for daily math practice.,https://mathworksheetkidscoloringspot.github.io/html/missing-number-math-worksheet-4332.html,https://mathworksheetkidscoloringspot.github.io/images/missing-number-math-worksheet-4332.jpg,Printable Worksheets,03/22/2026 08:28:00 PM
Mixed Operations Math Worksheet,Help kids master Mixed Operations with this printable worksheet for Grade 3. Great for daily math practice.,https://mathworksheetkidscoloringspot.github.io/html/mixed-operations-math-worksheet-7015.html,https://mathworksheetkidscoloringspot.github.io/images/mixed-operations-math-worksheet-7015.jpg,Kids Math Worksheets,03/23/2026 08:27:00 AM
Grade 1 Multiplication Practice Worksheet (19 Problems) - Part 32 | Printable Practice,Printable Multiplication worksheet designed for Grade 1 students. Easy and fun math practice.,https://mathworksheetkidscoloringspot.github.io/html/grade-1-multiplication-practice-worksheet-19-problems-part-32-9433.html,https://mathworksheetkidscoloringspot.github.io/images/grade-1-multiplication-practice-worksheet-19-problems-part-32-9433.jpg,Kids Math Worksheets,03/23/2026 11:04:00 AM
Printable Free 16 Subtraction Math Worksheet For Grade 2 - Part 33 | Printable Practice,Teachers and parents love this Subtraction worksheet for Grade 2. Download and print instantly.,https://mathworksheetkidscoloringspot.github.io/html/printable-free-16-subtraction-math-worksheet-for-grade-2-part-33-5058.html,https://mathworksheetkidscoloringspot.github.io/images/printable-free-16-subtraction-math-worksheet-for-grade-2-part-33-5058.jpg,Math Practice Printables,03/23/2026 01:27:00 PM
4 Times Table Worksheet For Grade 2 With Answers - Part 34 | Printable Practice,Free printable Times Table worksheet for Grade 2. Perfect for homeschool practice and classroom activities.,https://mathworksheetkidscoloringspot.github.io/html/4-times-table-worksheet-for-grade-2-with-answers-part-34-2901.html,https://mathworksheetkidscoloringspot.github.io/images/4-times-table-worksheet-for-grade-2-with-answers-part-34-2901.jpg,Elementary Math Activities,03/23/2026 04:22:00 PM
Printable Tracing Worksheet For Kids - Part 35 | Free Printable,Help kids master Tracing with this printable worksheet for Kindergarten. Great for daily math practice.,https://mathworksheetkidscoloringspot.github.io/html/printable-tracing-worksheet-for-kids-part-35-3490.html,https://mathworksheetkidscoloringspot.github.io/images/printable-tracing-worksheet-for-kids-part-35-3490.jpg,Printable Worksheets,03/23/2026 08:38:00 PM
Math Word Problem Worksheet,Free printable Word Problem worksheet for Grade 3. Perfect for homeschool practice and classroom activities.,https://mathworksheetkidscoloringspot.github.io/html/math-word-problem-worksheet-9117.html,https://mathworksheetkidscoloringspot.github.io/images/math-word-problem-worksheet-9117.jpg,Math Practice Printables,03/24/2026 08:32:00 AM
Grade 3 Addition Practice Worksheet (24 Problems) - Part 37 | Printable Practice,Free printable Addition worksheet for Grade 3. Perfect for homeschool practice and classroom activities.,https://mathworksheetkidscoloringspot.github.io/html/grade-3-addition-practice-worksheet-24-problems-part-37-6993.html,https://mathworksheetkidscoloringspot.github.io/images/grade-3-addition-practice-worksheet-24-problems-part-37-6993.jpg,Math Practice Printables,03/24/2026 11:05:00 AM
Printable Count and Color Worksheet for Preschool Kids,Teachers and parents love this Count and Color worksheet for Preschool. Download and print instantly.,https://mathworksheetkidscoloringspot.github.io/html/printable-count-and-color-worksheet-for-preschool-kids-3696.html,https://mathworksheetkidscoloringspot.github.io/images/printable-count-and-color-worksheet-for-preschool-kids-3696.jpg,Math Practice Printables,03/24/2026 01:24:00 PM
Free Counting Objects Worksheet For Pre-K - Part 39 | Printable Practice,Printable Counting Objects worksheet designed for Pre-K students. Easy and fun math practice.,https://mathworksheetkidscoloringspot.github.io/html/free-counting-objects-worksheet-for-pre-k-part-39-3327.html,https://mathworksheetkidscoloringspot.github.io/images/free-counting-objects-worksheet-for-pre-k-part-39-3327.jpg,Kids Math Worksheets,03/24/2026 04:24:00 PM
Grade 2 Division Practice Worksheet (25 Problems) - Part 40 | Printable Practice,Free printable Division worksheet for Grade 2. Perfect for homeschool practice and classroom activities.,https://mathworksheetkidscoloringspot.github.io/html/grade-2-division-practice-worksheet-25-problems-part-40-7245.html,https://mathworksheetkidscoloringspot.github.io/images/grade-2-division-practice-worksheet-25-problems-part-40-7245.jpg,Homeschool Math,03/24/2026 08:37:00 PM
4 Math Skill Test Training Worksheet,Free printable Math worksheet for Math. Perfect for homeschool practice and classroom activities.,https://mathworksheetkidscoloringspot.github.io/html/4-math-skill-test-training-worksheet-2915.html,https://mathworksheetkidscoloringspot.github.io/images/4-math-skill-test-training-worksheet-2915.jpg,Homeschool Math,03/25/2026 08:22:00 AM
Missing Number Math Worksheet,Teachers and parents love this Missing Number worksheet for Grade 1. Download and print instantly.,https://mathworksheetkidscoloringspot.github.io/html/missing-number-math-worksheet-6782.html,https://mathworksheetkidscoloringspot.github.io/images/missing-number-math-worksheet-6782.jpg,Elementary Math Activities,03/25/2026 11:04:00 AM
Mixed Operations Math Worksheet,Help kids master Mixed Operations with this printable worksheet for Grade 3. Great for daily math practice.,https://mathworksheetkidscoloringspot.github.io/html/mixed-operations-math-worksheet-5271.html,https://mathworksheetkidscoloringspot.github.io/images/mixed-operations-math-worksheet-5271.jpg,Math Practice Printables,03/25/2026 01:30:00 PM
Printable Free 29 Multiplication Math Worksheet For Grade 1 - Part 44 | Printable Practice,Printable Multiplication worksheet designed for Grade 1 students. Easy and fun math practice.,https://mathworksheetkidscoloringspot.github.io/html/printable-free-29-multiplication-math-worksheet-for-grade-1-part-44-2059.html,https://mathworksheetkidscoloringspot.github.io/images/printable-free-29-multiplication-math-worksheet-for-grade-1-part-44-2059.jpg,Homeschool Math,03/25/2026 04:32:00 PM
Free 20 Subtraction Math Worksheet For Grade 5 With Answers - Part 45 | Printable Practice,Printable Subtraction worksheet designed for Grade 5 students. Easy and fun math practice.,https://mathworksheetkidscoloringspot.github.io/html/free-20-subtraction-math-worksheet-for-grade-5-with-answers-part-45-6256.html,https://mathworksheetkidscoloringspot.github.io/images/free-20-subtraction-math-worksheet-for-grade-5-with-answers-part-45-6256.jpg,Elementary Math Activities,03/25/2026 08:24:00 PM
8 Times Table Worksheet For Grade 3 - Part 46 | Printable Practice,Free printable Times Table worksheet for Grade 3. Perfect for homeschool practice and classroom activities.,https://mathworksheetkidscoloringspot.github.io/html/8-times-table-worksheet-for-grade-3-part-46-5033.html,https://mathworksheetkidscoloringspot.github.io/images/8-times-table-worksheet-for-grade-3-part-46-5033.jpg,Homeschool Math,03/26/2026 08:29:00 AM
Printable Tracing Worksheet For Kids - Part 47 | Free Printable,Free printable Tracing worksheet for Kindergarten. Perfect for homeschool practice and classroom activities.,https://mathworksheetkidscoloringspot.github.io/html/printable-tracing-worksheet-for-kids-part-47-7000.html,https://mathworksheetkidscoloringspot.github.io/images/printable-tracing-worksheet-for-kids-part-47-7000.jpg,Printable Worksheets,03/26/2026 11:00:00 AM
Math Word Problem Worksheet,Teachers and parents love this Word Problem worksheet for Grade 3. Download and print instantly.,https://mathworksheetkidscoloringspot.github.io/html/math-word-problem-worksheet-4773.html,https://mathworksheetkidscoloringspot.github.io/images/math-word-problem-worksheet-4773.jpg,Homeschool Math,03/26/2026 01:34:00 PM
Free 22 Addition Math Worksheet For Grade 1 With Answers - Part 49 | Printable Practice,Free printable Addition worksheet for Grade 1. Perfect for homeschool practice and classroom activities.,https://mathworksheetkidscoloringspot.github.io/html/free-22-addition-math-worksheet-for-grade-1-with-answers-part-49-4474.html,https://mathworksheetkidscoloringspot.github.io/images/free-22-addition-math-worksheet-for-grade-1-with-answers-part-49-4474.jpg,Math Practice Printables,03/26/2026 04:30:00 PM
Fun Count and Color Objects Worksheet for Preschool,Printable Count and Color worksheet designed for Preschool students. Easy and fun math practice.,https://mathworksheetkidscoloringspot.github.io/html/fun-count-and-color-objects-worksheet-for-preschool-5794.html,https://mathworksheetkidscoloringspot.github.io/images/fun-count-and-color-objects-worksheet-for-preschool-5794.jpg,Elementary Math Activities,03/26/2026 08:28:00 PM
Pre-K Count The Objects Worksheet - Part 51 | Printable Practice,Printable Counting Objects worksheet designed for Pre-K students. Easy and fun math practice.,https://mathworksheetkidscoloringspot.github.io/html/pre-k-count-the-objects-worksheet-part-51-8189.html,https://mathworksheetkidscoloringspot.github.io/images/pre-k-count-the-objects-worksheet-part-51-8189.jpg,Math Practice Printables,03/27/2026 08:31:00 AM
Free 12 Division Math Worksheet For Grade 2 - Part 52 | Printable Practice,Teachers and parents love this Division worksheet for Grade 2. Download and print instantly.,https://mathworksheetkidscoloringspot.github.io/html/free-12-division-math-worksheet-for-grade-2-part-52-3897.html,https://mathworksheetkidscoloringspot.github.io/images/free-12-division-math-worksheet-for-grade-2-part-52-3897.jpg,Kids Math Worksheets,03/27/2026 11:00:00 AM
8 Math Challenge for Students,Teachers and parents love this Math worksheet for Math. Download and print instantly.,https://mathworksheetkidscoloringspot.github.io/html/8-math-challenge-for-students-2465.html,https://mathworksheetkidscoloringspot.github.io/images/8-math-challenge-for-students-2465.jpg,Printable Worksheets,03/27/2026 01:36:00 PM
Missing Number Math Worksheet,Fun and engaging Missing Number worksheet for Grade 1. Perfect printable math practice.,https://mathworksheetkidscoloringspot.github.io/html/missing-number-math-worksheet-7065.html,https://mathworksheetkidscoloringspot.github.io/images/missing-number-math-worksheet-7065.jpg,Kids Math Worksheets,03/27/2026 04:32:00 PM
Mixed Operations Math Worksheet,Help kids master Mixed Operations with this printable worksheet for Grade 3. Great for daily math practice.,https://mathworksheetkidscoloringspot.github.io/html/mixed-operations-math-worksheet-3483.html,https://mathworksheetkidscoloringspot.github.io/images/mixed-operations-math-worksheet-3483.jpg,Math Practice Printables,03/27/2026 08:29:00 PM
Grade 2 Multiplication Practice Worksheet (15 Problems) - Part 56 | Printable Practice,Printable Multiplication worksheet designed for Grade 2 students. Easy and fun math practice.,https://mathworksheetkidscoloringspot.github.io/html/grade-2-multiplication-practice-worksheet-15-problems-part-56-9647.html,https://mathworksheetkidscoloringspot.github.io/images/grade-2-multiplication-practice-worksheet-15-problems-part-56-9647.jpg,Printable Worksheets,03/28/2026 08:35:00 AM
Grade 5 Subtraction Practice Worksheet (16 Problems) - Part 57 | Printable Practice,Help kids master Subtraction with this printable worksheet for Grade 5. Great for daily math practice.,https://mathworksheetkidscoloringspot.github.io/html/grade-5-subtraction-practice-worksheet-16-problems-part-57-6301.html,https://mathworksheetkidscoloringspot.github.io/images/grade-5-subtraction-practice-worksheet-16-problems-part-57-6301.jpg,Homeschool Math,03/28/2026 11:00:00 AM
Grade 3 Multiplication Table 9 Practice - Part 58 | Printable Practice,Help kids master Times Table with this printable worksheet for Grade 3. Great for daily math practice.,https://mathworksheetkidscoloringspot.github.io/html/grade-3-multiplication-table-9-practice-part-58-3821.html,https://mathworksheetkidscoloringspot.github.io/images/grade-3-multiplication-table-9-practice-part-58-3821.jpg,Homeschool Math,03/28/2026 01:37:00 PM
Printable Tracing Worksheet For Kids - Part 59 | Free Printable,Fun and engaging Tracing worksheet for Preschool. Perfect printable math practice.,https://mathworksheetkidscoloringspot.github.io/html/printable-tracing-worksheet-for-kids-part-59-3523.html,https://mathworksheetkidscoloringspot.github.io/images/printable-tracing-worksheet-for-kids-part-59-3523.jpg,Elementary Math Activities,03/28/2026 04:35:00 PM
Math Word Problem Worksheet,Fun and engaging Word Problem worksheet for Grade 3. Perfect printable math practice.,https://mathworksheetkidscoloringspot.github.io/html/math-word-problem-worksheet-8815.html,https://mathworksheetkidscoloringspot.github.io/images/math-word-problem-worksheet-8815.jpg,Homeschool Math,03/28/2026 08:32:00 PM
Free 19 Addition Math Worksheet For Grade 1 With Answers - Part 61 | Printable Practice,Fun and engaging Addition worksheet for Grade 1. Perfect printable math practice.,https://mathworksheetkidscoloringspot.github.io/html/free-19-addition-math-worksheet-for-grade-1-with-answers-part-61-6017.html,https://mathworksheetkidscoloringspot.github.io/images/free-19-addition-math-worksheet-for-grade-1-with-answers-part-61-6017.jpg,Elementary Math Activities,03/29/2026 08:23:00 AM
Free Preschool Count and Color Worksheet,Teachers and parents love this Count and Color worksheet for Preschool. Download and print instantly.,https://mathworksheetkidscoloringspot.github.io/html/free-preschool-count-and-color-worksheet-3547.html,https://mathworksheetkidscoloringspot.github.io/images/free-preschool-count-and-color-worksheet-3547.jpg,Homeschool Math,03/29/2026 11:00:00 AM
Free Counting Objects Worksheet For Kindergarten Printable - Part 63 | Printable Practice,Help kids master Counting Objects with this printable worksheet for Kindergarten. Great for daily math practice.,https://mathworksheetkidscoloringspot.github.io/html/free-counting-objects-worksheet-for-kindergarten-printable-part-63-9921.html,https://mathworksheetkidscoloringspot.github.io/images/free-counting-objects-worksheet-for-kindergarten-printable-part-63-9921.jpg,Math Practice Printables,03/29/2026 01:35:00 PM
Grade 1 Division Practice Worksheet (13 Problems) - Part 64 | Printable Practice,Free printable Division worksheet for Grade 1. Perfect for homeschool practice and classroom activities.,https://mathworksheetkidscoloringspot.github.io/html/grade-1-division-practice-worksheet-13-problems-part-64-2289.html,https://mathworksheetkidscoloringspot.github.io/images/grade-1-division-practice-worksheet-13-problems-part-64-2289.jpg,Math Practice Printables,03/29/2026 04:29:00 PM
Complete Math Challenge Quiz Worksheet for Math Learners,Help kids master Math with this printable worksheet for Math. Great for daily math practice.,https://mathworksheetkidscoloringspot.github.io/html/complete-math-challenge-quiz-worksheet-for-math-learners-2345.html,https://mathworksheetkidscoloringspot.github.io/images/complete-math-challenge-quiz-worksheet-for-math-learners-2345.jpg,Homeschool Math,03/29/2026 08:25:00 PM
Missing Number Math Worksheet,Teachers and parents love this Missing Number worksheet for Grade 1. Download and print instantly.,https://mathworksheetkidscoloringspot.github.io/html/missing-number-math-worksheet-2342.html,https://mathworksheetkidscoloringspot.github.io/images/missing-number-math-worksheet-2342.jpg,Printable Worksheets,03/30/2026 08:35:00 AM
Mixed Operations Math Worksheet,Free printable Mixed Operations worksheet for Grade 3. Perfect for homeschool practice and classroom activities.,https://mathworksheetkidscoloringspot.github.io/html/mixed-operations-math-worksheet-4766.html,https://mathworksheetkidscoloringspot.github.io/images/mixed-operations-math-worksheet-4766.jpg,Kids Math Worksheets,03/30/2026 11:00:00 AM
Free 16 Multiplication Math Worksheet For Grade 1 With Answers - Part 68 | Printable Practice,Fun and engaging Multiplication worksheet for Grade 1. Perfect printable math practice.,https://mathworksheetkidscoloringspot.github.io/html/free-16-multiplication-math-worksheet-for-grade-1-with-answers-part-68-7529.html,https://mathworksheetkidscoloringspot.github.io/images/free-16-multiplication-math-worksheet-for-grade-1-with-answers-part-68-7529.jpg,Printable Worksheets,03/30/2026 01:23:00 PM
Printable Free 25 Subtraction Math Worksheet For Grade 2 - Part 69 | Printable Practice,Fun and engaging Subtraction worksheet for Grade 2. Perfect printable math practice.,https://mathworksheetkidscoloringspot.github.io/html/printable-free-25-subtraction-math-worksheet-for-grade-2-part-69-6421.html,https://mathworksheetkidscoloringspot.github.io/images/printable-free-25-subtraction-math-worksheet-for-grade-2-part-69-6421.jpg,Printable Worksheets,03/30/2026 04:34:00 PM
8 Times Table Worksheet For Grade 3 - Part 70 | Printable Practice,Teachers and parents love this Times Table worksheet for Grade 3. Download and print instantly.,https://mathworksheetkidscoloringspot.github.io/html/8-times-table-worksheet-for-grade-3-part-70-3197.html,https://mathworksheetkidscoloringspot.github.io/images/8-times-table-worksheet-for-grade-3-part-70-3197.jpg,Elementary Math Activities,03/30/2026 08:31:00 PM
Printable Tracing Worksheet For Kids - Part 71 | Free Printable,Printable Tracing worksheet designed for Kindergarten students. Easy and fun math practice.,https://mathworksheetkidscoloringspot.github.io/html/printable-tracing-worksheet-for-kids-part-71-6489.html,https://mathworksheetkidscoloringspot.github.io/images/printable-tracing-worksheet-for-kids-part-71-6489.jpg,Printable Worksheets,03/31/2026 08:35:00 AM
Math Word Problem Worksheet,Free printable Word Problem worksheet for Grade 3. Perfect for homeschool practice and classroom activities.,https://mathworksheetkidscoloringspot.github.io/html/math-word-problem-worksheet-3252.html,https://mathworksheetkidscoloringspot.github.io/images/math-word-problem-worksheet-3252.jpg,Elementary Math Activities,03/31/2026 11:00:00 AM
Free 22 Addition Math Worksheet For Grade 1 With Answers - Part 73 | Printable Practice,Free printable Addition worksheet for Grade 1. Perfect for homeschool practice and classroom activities.,https://mathworksheetkidscoloringspot.github.io/html/free-22-addition-math-worksheet-for-grade-1-with-answers-part-73-9542.html,https://mathworksheetkidscoloringspot.github.io/images/free-22-addition-math-worksheet-for-grade-1-with-answers-part-73-9542.jpg,Printable Worksheets,03/31/2026 01:31:00 PM
Fun Count and Color Objects Worksheet for Preschool,Fun and engaging Count and Color worksheet for Preschool. Perfect printable math practice.,https://mathworksheetkidscoloringspot.github.io/html/fun-count-and-color-objects-worksheet-for-preschool-8976.html,https://mathworksheetkidscoloringspot.github.io/images/fun-count-and-color-objects-worksheet-for-preschool-8976.jpg,Homeschool Math,03/31/2026 04:31:00 PM
Free Counting Objects Worksheet For Kindergarten Printable - Part 75 | Printable Practice,Free printable Counting Objects worksheet for Kindergarten. Perfect for homeschool practice and classroom activities.,https://mathworksheetkidscoloringspot.github.io/html/free-counting-objects-worksheet-for-kindergarten-printable-part-75-8544.html,https://mathworksheetkidscoloringspot.github.io/images/free-counting-objects-worksheet-for-kindergarten-printable-part-75-8544.jpg,Kids Math Worksheets,03/31/2026 08:38:00 PM
Grade 2 Division Practice Worksheet (28 Problems) - Part 76 | Printable Practice,Fun and engaging Division worksheet for Grade 2. Perfect printable math practice.,https://mathworksheetkidscoloringspot.github.io/html/grade-2-division-practice-worksheet-28-problems-part-76-6024.html,https://mathworksheetkidscoloringspot.github.io/images/grade-2-division-practice-worksheet-28-problems-part-76-6024.jpg,Kids Math Worksheets,04/01/2026 08:31:00 AM
Interactive Mathematics Practice Worksheet (4 Questions),Printable Math worksheet designed for Math students. Easy and fun math practice.,https://mathworksheetkidscoloringspot.github.io/html/interactive-mathematics-practice-worksheet-4-questions-4265.html,https://mathworksheetkidscoloringspot.github.io/images/interactive-mathematics-practice-worksheet-4-questions-4265.jpg,Printable Worksheets,04/01/2026 11:00:00 AM
Missing Number Math Worksheet,Fun and engaging Missing Number worksheet for Grade 1. Perfect printable math practice.,https://mathworksheetkidscoloringspot.github.io/html/missing-number-math-worksheet-6777.html,https://mathworksheetkidscoloringspot.github.io/images/missing-number-math-worksheet-6777.jpg,Kids Math Worksheets,04/01/2026 01:26:00 PM
Mixed Operations Math Worksheet,Free printable Mixed Operations worksheet for Grade 3. Perfect for homeschool practice and classroom activities.,https://mathworksheetkidscoloringspot.github.io/html/mixed-operations-math-worksheet-6006.html,https://mathworksheetkidscoloringspot.github.io/images/mixed-operations-math-worksheet-6006.jpg,Elementary Math Activities,04/01/2026 04:29:00 PM
Printable Free 28 Multiplication Math Worksheet For Grade 2 - Part 80 | Printable Practice,Free printable Multiplication worksheet for Grade 2. Perfect for homeschool practice and classroom activities.,https://mathworksheetkidscoloringspot.github.io/html/printable-free-28-multiplication-math-worksheet-for-grade-2-part-80-3386.html,https://mathworksheetkidscoloringspot.github.io/images/printable-free-28-multiplication-math-worksheet-for-grade-2-part-80-3386.jpg,Elementary Math Activities,04/01/2026 08:28:00 PM
Free 20 Subtraction Math Worksheet For Grade 2 With Answers - Part 81 | Printable Practice,Fun and engaging Subtraction worksheet for Grade 2. Perfect printable math practice.,https://mathworksheetkidscoloringspot.github.io/html/free-20-subtraction-math-worksheet-for-grade-2-with-answers-part-81-8790.html,https://mathworksheetkidscoloringspot.github.io/images/free-20-subtraction-math-worksheet-for-grade-2-with-answers-part-81-8790.jpg,Kids Math Worksheets,04/02/2026 08:34:00 AM
7 Times Table Worksheet For Grade 3 - Part 82 | Printable Practice,Help kids master Times Table with this printable worksheet for Grade 3. Great for daily math practice.,https://mathworksheetkidscoloringspot.github.io/html/7-times-table-worksheet-for-grade-3-part-82-7323.html,https://mathworksheetkidscoloringspot.github.io/images/7-times-table-worksheet-for-grade-3-part-82-7323.jpg,Homeschool Math,04/02/2026 11:00:00 AM
Printable Tracing Worksheet For Kids - Part 83 | Free Printable,Printable Tracing worksheet designed for Kindergarten students. Easy and fun math practice.,https://mathworksheetkidscoloringspot.github.io/html/printable-tracing-worksheet-for-kids-part-83-4061.html,https://mathworksheetkidscoloringspot.github.io/images/printable-tracing-worksheet-for-kids-part-83-4061.jpg,Kids Math Worksheets,04/02/2026 01:30:00 PM
Math Word Problem Worksheet,Teachers and parents love this Word Problem worksheet for Grade 3. Download and print instantly.,https://mathworksheetkidscoloringspot.github.io/html/math-word-problem-worksheet-9571.html,https://mathworksheetkidscoloringspot.github.io/images/math-word-problem-worksheet-9571.jpg,Kids Math Worksheets,04/02/2026 04:25:00 PM
Printable Free 18 Addition Math Worksheet For Grade 3 - Part 85 | Printable Practice,Printable Addition worksheet designed for Grade 3 students. Easy and fun math practice.,https://mathworksheetkidscoloringspot.github.io/html/printable-free-18-addition-math-worksheet-for-grade-3-part-85-4088.html,https://mathworksheetkidscoloringspot.github.io/images/printable-free-18-addition-math-worksheet-for-grade-3-part-85-4088.jpg,Kids Math Worksheets,04/02/2026 08:27:00 PM
"Count and Color Star, Triangle, Flower Worksheet for Kids",Printable Count and Color worksheet designed for Grade 1 students. Easy and fun math practice.,https://mathworksheetkidscoloringspot.github.io/html/count-and-color-star-triangle-flower-worksheet-for-kids-4223.html,https://mathworksheetkidscoloringspot.github.io/images/count-and-color-star-triangle-flower-worksheet-for-kids-4223.jpg,Printable Worksheets,04/03/2026 08:27:00 AM
Learn Counting With Pictures Worksheet (Kindergarten) - Part 87 | Printable Practice,Fun and engaging Counting Objects worksheet for Kindergarten. Perfect printable math practice.,https://mathworksheetkidscoloringspot.github.io/html/learn-counting-with-pictures-worksheet-kindergarten-part-87-9973.html,https://mathworksheetkidscoloringspot.github.io/images/learn-counting-with-pictures-worksheet-kindergarten-part-87-9973.jpg,Math Practice Printables,04/03/2026 11:06:00 AM
Free 19 Division Math Worksheet For Grade 2 With Answers - Part 88 | Printable Practice,Help kids master Division with this printable worksheet for Grade 2. Great for daily math practice.,https://mathworksheetkidscoloringspot.github.io/html/free-19-division-math-worksheet-for-grade-2-with-answers-part-88-8876.html,https://mathworksheetkidscoloringspot.github.io/images/free-19-division-math-worksheet-for-grade-2-with-answers-part-88-8876.jpg,Kids Math Worksheets,04/03/2026 01:35:00 PM
Daily Math Quiz Worksheet (8 Questions),Teachers and parents love this Math worksheet for Math. Download and print instantly.,https://mathworksheetkidscoloringspot.github.io/html/daily-math-quiz-worksheet-8-questions-7230.html,https://mathworksheetkidscoloringspot.github.io/images/daily-math-quiz-worksheet-8-questions-7230.jpg,Math Practice Printables,04/03/2026 04:32:00 PM
Missing Number Math Worksheet,Teachers and parents love this Missing Number worksheet for Grade 1. Download and print instantly.,https://mathworksheetkidscoloringspot.github.io/html/missing-number-math-worksheet-8550.html,https://mathworksheetkidscoloringspot.github.io/images/missing-number-math-worksheet-8550.jpg,Elementary Math Activities,04/03/2026 08:29:00 PM
Mixed Operations Math Worksheet,Free printable Mixed Operations worksheet for Grade 3. Perfect for homeschool practice and classroom activities.,https://mathworksheetkidscoloringspot.github.io/html/mixed-operations-math-worksheet-4906.html,https://mathworksheetkidscoloringspot.github.io/images/mixed-operations-math-worksheet-4906.jpg,Kids Math Worksheets,04/04/2026 08:36:00 AM
Grade 2 Multiplication Practice Worksheet (10 Problems) - Part 92 | Printable Practice,Free printable Multiplication worksheet for Grade 2. Perfect for homeschool practice and classroom activities.,https://mathworksheetkidscoloringspot.github.io/html/grade-2-multiplication-practice-worksheet-10-problems-part-92-4124.html,https://mathworksheetkidscoloringspot.github.io/images/grade-2-multiplication-practice-worksheet-10-problems-part-92-4124.jpg,Math Practice Printables,04/04/2026 11:00:00 AM
Free 10 Subtraction Math Worksheet For Grade 5 With Answers - Part 93 | Printable Practice,Fun and engaging Subtraction worksheet for Grade 5. Perfect printable math practice.,https://mathworksheetkidscoloringspot.github.io/html/free-10-subtraction-math-worksheet-for-grade-5-with-answers-part-93-7953.html,https://mathworksheetkidscoloringspot.github.io/images/free-10-subtraction-math-worksheet-for-grade-5-with-answers-part-93-7953.jpg,Printable Worksheets,04/04/2026 01:28:00 PM
6 Times Table Worksheet For Grade 3 With Answers - Part 94 | Printable Practice,Free printable Times Table worksheet for Grade 3. Perfect for homeschool practice and classroom activities.,https://mathworksheetkidscoloringspot.github.io/html/6-times-table-worksheet-for-grade-3-with-answers-part-94-4915.html,https://mathworksheetkidscoloringspot.github.io/images/6-times-table-worksheet-for-grade-3-with-answers-part-94-4915.jpg,Math Practice Printables,04/04/2026 04:29:00 PM
Printable Tracing Worksheet For Kids - Part 95 | Free Printable,Help kids master Tracing with this printable worksheet for Kindergarten. Great for daily math practice.,https://mathworksheetkidscoloringspot.github.io/html/printable-tracing-worksheet-for-kids-part-95-8998.html,https://mathworksheetkidscoloringspot.github.io/images/printable-tracing-worksheet-for-kids-part-95-8998.jpg,Homeschool Math,04/04/2026 08:37:00 PM
Math Word Problem Worksheet,Help kids master Word Problem with this printable worksheet for Grade 3. Great for daily math practice.,https://mathworksheetkidscoloringspot.github.io/html/math-word-problem-worksheet-1621.html,https://mathworksheetkidscoloringspot.github.io/images/math-word-problem-worksheet-1621.jpg,Kids Math Worksheets,04/05/2026 08:34:00 AM
Printable Free 25 Addition Math Worksheet For Grade 5 - Part 97 | Printable Practice,Fun and engaging Addition worksheet for Grade 5. Perfect printable math practice.,https://mathworksheetkidscoloringspot.github.io/html/printable-free-25-addition-math-worksheet-for-grade-5-part-97-8484.html,https://mathworksheetkidscoloringspot.github.io/images/printable-free-25-addition-math-worksheet-for-grade-5-part-97-8484.jpg,Homeschool Math,04/05/2026 11:00:00 AM
"Count and Color Car, Ball, Triangle Worksheet for Kids",Teachers and parents love this Count and Color worksheet for Preschool. Download and print instantly.,https://mathworksheetkidscoloringspot.github.io/html/count-and-color-car-ball-triangle-worksheet-for-kids-6343.html,https://mathworksheetkidscoloringspot.github.io/images/count-and-color-car-ball-triangle-worksheet-for-kids-6343.jpg,Math Practice Printables,04/05/2026 01:32:00 PM
Learn Counting With Pictures Worksheet (Kindergarten) - Part 99 | Printable Practice,Fun and engaging Counting Objects worksheet for Kindergarten. Perfect printable math practice.,https://mathworksheetkidscoloringspot.github.io/html/learn-counting-with-pictures-worksheet-kindergarten-part-99-6450.html,https://mathworksheetkidscoloringspot.github.io/images/learn-counting-with-pictures-worksheet-kindergarten-part-99-6450.jpg,Elementary Math Activities,04/05/2026 04:33:00 PM
Grade 2 Division Practice Worksheet (10 Problems) - Part 100 | Printable Practice,Printable Division worksheet designed for Grade 2 students. Easy and fun math practice.,https://mathworksheetkidscoloringspot.github.io/html/grade-2-division-practice-worksheet-10-problems-part-100-6402.html,https://mathworksheetkidscoloringspot.github.io/images/grade-2-division-practice-worksheet-10-problems-part-100-6402.jpg,Math Practice Printables,04/05/2026 08:28:00 PM
4 Math Skill Test Training Worksheet for High School Students,Teachers and parents love this Math worksheet for Math. Download and print instantly.,https://mathworksheetkidscoloringspot.github.io/html/4-math-skill-test-training-worksheet-for-high-school-students-4829.html,https://mathworksheetkidscoloringspot.github.io/images/4-math-skill-test-training-worksheet-for-high-school-students-4829.jpg,Kids Math Worksheets,04/06/2026 08:29:00 AM
Missing Number Math Worksheet,Free printable Missing Number worksheet for Grade 1. Perfect for homeschool practice and classroom activities.,https://mathworksheetkidscoloringspot.github.io/html/missing-number-math-worksheet-1863.html,https://mathworksheetkidscoloringspot.github.io/images/missing-number-math-worksheet-1863.jpg,Homeschool Math,04/06/2026 11:01:00 AM
Mixed Operations Math Worksheet,Fun and engaging Mixed Operations worksheet for Grade 3. Perfect printable math practice.,https://mathworksheetkidscoloringspot.github.io/html/mixed-operations-math-worksheet-4809.html,https://mathworksheetkidscoloringspot.github.io/images/mixed-operations-math-worksheet-4809.jpg,Printable Worksheets,04/06/2026 01:28:00 PM
Free 20 Multiplication Math Worksheet For Grade 2 - Part 104 | Printable Practice,Printable Multiplication worksheet designed for Grade 2 students. Easy and fun math practice.,https://mathworksheetkidscoloringspot.github.io/html/free-20-multiplication-math-worksheet-for-grade-2-part-104-3594.html,https://mathworksheetkidscoloringspot.github.io/images/free-20-multiplication-math-worksheet-for-grade-2-part-104-3594.jpg,Elementary Math Activities,04/06/2026 04:34:00 PM
Grade 3 Subtraction Practice Worksheet (26 Problems) - Part 105 | Printable Practice,Printable Subtraction worksheet designed for Grade 3 students. Easy and fun math practice.,https://mathworksheetkidscoloringspot.github.io/html/grade-3-subtraction-practice-worksheet-26-problems-part-105-7136.html,https://mathworksheetkidscoloringspot.github.io/images/grade-3-subtraction-practice-worksheet-26-problems-part-105-7136.jpg,Kids Math Worksheets,04/06/2026 08:36:00 PM
4 Times Table Worksheet For Grade 2 - Part 106 | Printable Practice,Fun and engaging Times Table worksheet for Grade 2. Perfect printable math practice.,https://mathworksheetkidscoloringspot.github.io/html/4-times-table-worksheet-for-grade-2-part-106-3648.html,https://mathworksheetkidscoloringspot.github.io/images/4-times-table-worksheet-for-grade-2-part-106-3648.jpg,Kids Math Worksheets,04/07/2026 08:22:00 AM
Printable Tracing Worksheet For Kids - Part 107 | Free Printable,Help kids master Tracing with this printable worksheet for Preschool. Great for daily math practice.,https://mathworksheetkidscoloringspot.github.io/html/printable-tracing-worksheet-for-kids-part-107-6738.html,https://mathworksheetkidscoloringspot.github.io/images/printable-tracing-worksheet-for-kids-part-107-6738.jpg,Math Practice Printables,04/07/2026 11:00:00 AM
Math Word Problem Worksheet,Teachers and parents love this Word Problem worksheet for Grade 3. Download and print instantly.,https://mathworksheetkidscoloringspot.github.io/html/math-word-problem-worksheet-5629.html,https://mathworksheetkidscoloringspot.github.io/images/math-word-problem-worksheet-5629.jpg,Homeschool Math,04/07/2026 01:27:00 PM
Printable Free 12 Addition Math Worksheet For Grade 1 - Part 109 | Printable Practice,Fun and engaging Addition worksheet for Grade 1. Perfect printable math practice.,https://mathworksheetkidscoloringspot.github.io/html/printable-free-12-addition-math-worksheet-for-grade-1-part-109-4241.html,https://mathworksheetkidscoloringspot.github.io/images/printable-free-12-addition-math-worksheet-for-grade-1-part-109-4241.jpg,Homeschool Math,04/07/2026 04:27:00 PM
3 Free Count and Color Worksheets for Preschool,Printable Count and Color worksheet designed for Preschool students. Easy and fun math practice.,https://mathworksheetkidscoloringspot.github.io/html/3-free-count-and-color-worksheets-for-preschool-1964.html,https://mathworksheetkidscoloringspot.github.io/images/3-free-count-and-color-worksheets-for-preschool-1964.jpg,Elementary Math Activities,04/07/2026 08:25:00 PM
Learn Counting With Pictures Worksheet (Kindergarten) - Part 111 | Printable Practice,Fun and engaging Counting Objects worksheet for Kindergarten. Perfect printable math practice.,https://mathworksheetkidscoloringspot.github.io/html/learn-counting-with-pictures-worksheet-kindergarten-part-111-2322.html,https://mathworksheetkidscoloringspot.github.io/images/learn-counting-with-pictures-worksheet-kindergarten-part-111-2322.jpg,Elementary Math Activities,04/08/2026 08:27:00 AM
Free 22 Division Math Worksheet For Grade 1 - Part 112 | Printable Practice,Help kids master Division with this printable worksheet for Grade 1. Great for daily math practice.,https://mathworksheetkidscoloringspot.github.io/html/free-22-division-math-worksheet-for-grade-1-part-112-6204.html,https://mathworksheetkidscoloringspot.github.io/images/free-22-division-math-worksheet-for-grade-1-part-112-6204.jpg,Elementary Math Activities,04/08/2026 11:00:00 AM
Free Printable Mathematics Quiz Worksheet (7 Questions),Fun and engaging Math worksheet for Math. Perfect printable math practice.,https://mathworksheetkidscoloringspot.github.io/html/free-printable-mathematics-quiz-worksheet-7-questions-2492.html,https://mathworksheetkidscoloringspot.github.io/images/free-printable-mathematics-quiz-worksheet-7-questions-2492.jpg,Homeschool Math,04/08/2026 01:26:00 PM
Missing Number Math Worksheet,Free printable Missing Number worksheet for Grade 1. Perfect for homeschool practice and classroom activities.,https://mathworksheetkidscoloringspot.github.io/html/missing-number-math-worksheet-9315.html,https://mathworksheetkidscoloringspot.github.io/images/missing-number-math-worksheet-9315.jpg,Math Practice Printables,04/08/2026 04:28:00 PM
Mixed Operations Math Worksheet,Fun and engaging Mixed Operations worksheet for Grade 3. Perfect printable math practice.,https://mathworksheetkidscoloringspot.github.io/html/mixed-operations-math-worksheet-6794.html,https://mathworksheetkidscoloringspot.github.io/images/mixed-operations-math-worksheet-6794.jpg,Homeschool Math,04/08/2026 08:29:00 PM
Free 27 Multiplication Math Worksheet For Grade 2 With Answers - Part 116 | Printable Practice,Free printable Multiplication worksheet for Grade 2. Perfect for homeschool practice and classroom activities.,https://mathworksheetkidscoloringspot.github.io/html/free-27-multiplication-math-worksheet-for-grade-2-with-answers-part-116-1653.html,https://mathworksheetkidscoloringspot.github.io/images/free-27-multiplication-math-worksheet-for-grade-2-with-answers-part-116-1653.jpg,Elementary Math Activities,04/09/2026 08:29:00 AM
Free 14 Subtraction Math Worksheet For Grade 2 - Part 117 | Printable Practice,Fun and engaging Subtraction worksheet for Grade 2. Perfect printable math practice.,https://mathworksheetkidscoloringspot.github.io/html/free-14-subtraction-math-worksheet-for-grade-2-part-117-1740.html,https://mathworksheetkidscoloringspot.github.io/images/free-14-subtraction-math-worksheet-for-grade-2-part-117-1740.jpg,Printable Worksheets,04/09/2026 11:00:00 AM
Grade 2 Multiplication Table 4 Practice - Part 118 | Printable Practice,Help kids master Times Table with this printable worksheet for Grade 2. Great for daily math practice.,https://mathworksheetkidscoloringspot.github.io/html/grade-2-multiplication-table-4-practice-part-118-9543.html,https://mathworksheetkidscoloringspot.github.io/images/grade-2-multiplication-table-4-practice-part-118-9543.jpg,Printable Worksheets,04/09/2026 01:28:00 PM
Printable Tracing Worksheet For Kids - Part 119 | Free Printable,Help kids master Tracing with this printable worksheet for Preschool. Great for daily math practice.,https://mathworksheetkidscoloringspot.github.io/html/printable-tracing-worksheet-for-kids-part-119-9972.html,https://mathworksheetkidscoloringspot.github.io/images/printable-tracing-worksheet-for-kids-part-119-9972.jpg,Homeschool Math,04/09/2026 04:22:00 PM
Math Word Problem Worksheet,Free printable Word Problem worksheet for Grade 3. Perfect for homeschool practice and classroom activities.,https://mathworksheetkidscoloringspot.github.io/html/math-word-problem-worksheet-7077.html,https://mathworksheetkidscoloringspot.github.io/images/math-word-problem-worksheet-7077.jpg,Homeschool Math,04/09/2026 08:26:00 PM
Printable Free 29 Addition Math Worksheet For Grade 1 - Part 121 | Printable Practice,Fun and engaging Addition worksheet for Grade 1. Perfect printable math practice.,https://mathworksheetkidscoloringspot.github.io/html/printable-free-29-addition-math-worksheet-for-grade-1-part-121-3968.html,https://mathworksheetkidscoloringspot.github.io/images/printable-free-29-addition-math-worksheet-for-grade-1-part-121-3968.jpg,Math Practice Printables,04/10/2026 08:28:00 AM
Printable Count and Color Worksheet for Grade 1 Kids,Teachers and parents love this Count and Color worksheet for Grade 1. Download and print instantly.,https://mathworksheetkidscoloringspot.github.io/html/printable-count-and-color-worksheet-for-grade-1-kids-1476.html,https://mathworksheetkidscoloringspot.github.io/images/printable-count-and-color-worksheet-for-grade-1-kids-1476.jpg,Homeschool Math,04/10/2026 11:00:00 AM
Free Counting Objects Worksheet For Pre-K - Part 123 | Printable Practice,Help kids master Counting Objects with this printable worksheet for Pre-K. Great for daily math practice.,https://mathworksheetkidscoloringspot.github.io/html/free-counting-objects-worksheet-for-pre-k-part-123-3092.html,https://mathworksheetkidscoloringspot.github.io/images/free-counting-objects-worksheet-for-pre-k-part-123-3092.jpg,Elementary Math Activities,04/10/2026 01:29:00 PM
Grade 2 Division Practice Worksheet (23 Problems) - Part 124 | Printable Practice,Free printable Division worksheet for Grade 2. Perfect for homeschool practice and classroom activities.,https://mathworksheetkidscoloringspot.github.io/html/grade-2-division-practice-worksheet-23-problems-part-124-6814.html,https://mathworksheetkidscoloringspot.github.io/images/grade-2-division-practice-worksheet-23-problems-part-124-6814.jpg,Math Practice Printables,04/10/2026 04:36:00 PM
4 Math Skill Test for Teens,Help kids master Math with this printable worksheet for Math. Great for daily math practice.,https://mathworksheetkidscoloringspot.github.io/html/4-math-skill-test-for-teens-1049.html,https://mathworksheetkidscoloringspot.github.io/images/4-math-skill-test-for-teens-1049.jpg,Math Practice Printables,04/10/2026 08:30:00 PM
Missing Number Math Worksheet,Free printable Missing Number worksheet for Grade 1. Perfect for homeschool practice and classroom activities.,https://mathworksheetkidscoloringspot.github.io/html/missing-number-math-worksheet-5787.html,https://mathworksheetkidscoloringspot.github.io/images/missing-number-math-worksheet-5787.jpg,Elementary Math Activities,04/11/2026 08:36:00 AM
Mixed Operations Math Worksheet,Free printable Mixed Operations worksheet for Grade 3. Perfect for homeschool practice and classroom activities.,https://mathworksheetkidscoloringspot.github.io/html/mixed-operations-math-worksheet-8890.html,https://mathworksheetkidscoloringspot.github.io/images/mixed-operations-math-worksheet-8890.jpg,Elementary Math Activities,04/11/2026 11:01:00 AM
Grade 1 Multiplication Practice Worksheet (16 Problems) - Part 128 | Printable Practice,Free printable Multiplication worksheet for Grade 1. Perfect for homeschool practice and classroom activities.,https://mathworksheetkidscoloringspot.github.io/html/grade-1-multiplication-practice-worksheet-16-problems-part-128-2429.html,https://mathworksheetkidscoloringspot.github.io/images/grade-1-multiplication-practice-worksheet-16-problems-part-128-2429.jpg,Printable Worksheets,04/11/2026 01:22:00 PM
Free 19 Subtraction Math Worksheet For Grade 5 With Answers - Part 129 | Printable Practice,Help kids master Subtraction with this printable worksheet for Grade 5. Great for daily math practice.,https://mathworksheetkidscoloringspot.github.io/html/free-19-subtraction-math-worksheet-for-grade-5-with-answers-part-129-4937.html,https://mathworksheetkidscoloringspot.github.io/images/free-19-subtraction-math-worksheet-for-grade-5-with-answers-part-129-4937.jpg,Kids Math Worksheets,04/11/2026 04:32:00 PM
2 Times Table Worksheet For Grade 2 - Part 130 | Printable Practice,Fun and engaging Times Table worksheet for Grade 2. Perfect printable math practice.,https://mathworksheetkidscoloringspot.github.io/html/2-times-table-worksheet-for-grade-2-part-130-2485.html,https://mathworksheetkidscoloringspot.github.io/images/2-times-table-worksheet-for-grade-2-part-130-2485.jpg,Homeschool Math,04/11/2026 08:31:00 PM
Printable Tracing Worksheet For Kids - Part 131 | Free Printable,Printable Tracing worksheet designed for Kindergarten students. Easy and fun math practice.,https://mathworksheetkidscoloringspot.github.io/html/printable-tracing-worksheet-for-kids-part-131-9649.html,https://mathworksheetkidscoloringspot.github.io/images/printable-tracing-worksheet-for-kids-part-131-9649.jpg,Homeschool Math,04/12/2026 08:26:00 AM
Math Word Problem Worksheet,Teachers and parents love this Word Problem worksheet for Grade 3. Download and print instantly.,https://mathworksheetkidscoloringspot.github.io/html/math-word-problem-worksheet-9904.html,https://mathworksheetkidscoloringspot.github.io/images/math-word-problem-worksheet-9904.jpg,Printable Worksheets,04/12/2026 11:07:00 AM
Free 26 Addition Math Worksheet For Grade 1 With Answers - Part 133 | Printable Practice,Free printable Addition worksheet for Grade 1. Perfect for homeschool practice and classroom activities.,https://mathworksheetkidscoloringspot.github.io/html/free-26-addition-math-worksheet-for-grade-1-with-answers-part-133-7601.html,https://mathworksheetkidscoloringspot.github.io/images/free-26-addition-math-worksheet-for-grade-1-with-answers-part-133-7601.jpg,Kids Math Worksheets,04/12/2026 01:28:00 PM
Fun Count and Color Objects Worksheet for Grade 1,Teachers and parents love this Count and Color worksheet for Grade 1. Download and print instantly.,https://mathworksheetkidscoloringspot.github.io/html/fun-count-and-color-objects-worksheet-for-grade-1-1921.html,https://mathworksheetkidscoloringspot.github.io/images/fun-count-and-color-objects-worksheet-for-grade-1-1921.jpg,Elementary Math Activities,04/12/2026 04:32:00 PM
Kindergarten Count The Objects Worksheet - Part 135 | Printable Practice,Fun and engaging Counting Objects worksheet for Kindergarten. Perfect printable math practice.,https://mathworksheetkidscoloringspot.github.io/html/kindergarten-count-the-objects-worksheet-part-135-2057.html,https://mathworksheetkidscoloringspot.github.io/images/kindergarten-count-the-objects-worksheet-part-135-2057.jpg,Elementary Math Activities,04/12/2026 08:30:00 PM
Printable Free 10 Division Math Worksheet For Grade 2 - Part 136 | Printable Practice,Teachers and parents love this Division worksheet for Grade 2. Download and print instantly.,https://mathworksheetkidscoloringspot.github.io/html/printable-free-10-division-math-worksheet-for-grade-2-part-136-1113.html,https://mathworksheetkidscoloringspot.github.io/images/printable-free-10-division-math-worksheet-for-grade-2-part-136-1113.jpg,Printable Worksheets,04/13/2026 08:25:00 AM
8 Math Skill Test Practice Worksheet,Help kids master Math with this printable worksheet for Math. Great for daily math practice.,https://mathworksheetkidscoloringspot.github.io/html/8-math-skill-test-practice-worksheet-8595.html,https://mathworksheetkidscoloringspot.github.io/images/8-math-skill-test-practice-worksheet-8595.jpg,Elementary Math Activities,04/13/2026 11:07:00 AM
Missing Number Math Worksheet,Printable Missing Number worksheet designed for Grade 1 students. Easy and fun math practice.,https://mathworksheetkidscoloringspot.github.io/html/missing-number-math-worksheet-2876.html,https://mathworksheetkidscoloringspot.github.io/images/missing-number-math-worksheet-2876.jpg,Math Practice Printables,04/13/2026 01:28:00 PM
Mixed Operations Math Worksheet,Printable Mixed Operations worksheet designed for Grade 3 students. Easy and fun math practice.,https://mathworksheetkidscoloringspot.github.io/html/mixed-operations-math-worksheet-9644.html,https://mathworksheetkidscoloringspot.github.io/images/mixed-operations-math-worksheet-9644.jpg,Kids Math Worksheets,04/13/2026 04:29:00 PM
Grade 1 Multiplication Practice Worksheet (19 Problems) - Part 140 | Printable Practice,Fun and engaging Multiplication worksheet for Grade 1. Perfect printable math practice.,https://mathworksheetkidscoloringspot.github.io/html/grade-1-multiplication-practice-worksheet-19-problems-part-140-4717.html,https://mathworksheetkidscoloringspot.github.io/images/grade-1-multiplication-practice-worksheet-19-problems-part-140-4717.jpg,Elementary Math Activities,04/13/2026 08:22:00 PM
Free 16 Subtraction Math Worksheet For Grade 2 - Part 141 | Printable Practice,Help kids master Subtraction with this printable worksheet for Grade 2. Great for daily math practice.,https://mathworksheetkidscoloringspot.github.io/html/free-16-subtraction-math-worksheet-for-grade-2-part-141-5142.html,https://mathworksheetkidscoloringspot.github.io/images/free-16-subtraction-math-worksheet-for-grade-2-part-141-5142.jpg,Homeschool Math,04/14/2026 08:36:00 AM
Printable 12 Times Table Worksheet For Grade 4 - Part 142 | Printable Practice,Free printable Times Table worksheet for Grade 4. Perfect for homeschool practice and classroom activities.,https://mathworksheetkidscoloringspot.github.io/html/printable-12-times-table-worksheet-for-grade-4-part-142-3431.html,https://mathworksheetkidscoloringspot.github.io/images/printable-12-times-table-worksheet-for-grade-4-part-142-3431.jpg,Printable Worksheets,04/14/2026 11:05:00 AM
Printable Tracing Worksheet For Kids - Part 143 | Free Printable,Printable Tracing worksheet designed for Preschool students. Easy and fun math practice.,https://mathworksheetkidscoloringspot.github.io/html/printable-tracing-worksheet-for-kids-part-143-5780.html,https://mathworksheetkidscoloringspot.github.io/images/printable-tracing-worksheet-for-kids-part-143-5780.jpg,Homeschool Math,04/14/2026 01:25:00 PM
Math Word Problem Worksheet,Help kids master Word Problem with this printable worksheet for Grade 3. Great for daily math practice.,https://mathworksheetkidscoloringspot.github.io/html/math-word-problem-worksheet-9521.html,https://mathworksheetkidscoloringspot.github.io/images/math-word-problem-worksheet-9521.jpg,Printable Worksheets,04/14/2026 04:32:00 PM
Free 21 Addition Math Worksheet For Grade 5 - Part 145 | Printable Practice,Teachers and parents love this Addition worksheet for Grade 5. Download and print instantly.,https://mathworksheetkidscoloringspot.github.io/html/free-21-addition-math-worksheet-for-grade-5-part-145-2676.html,https://mathworksheetkidscoloringspot.github.io/images/free-21-addition-math-worksheet-for-grade-5-part-145-2676.jpg,Homeschool Math,04/14/2026 08:33:00 PM
Free Grade 1 Count and Color Worksheet,Fun and engaging Count and Color worksheet for Grade 1. Perfect printable math practice.,https://mathworksheetkidscoloringspot.github.io/html/free-grade-1-count-and-color-worksheet-1219.html,https://mathworksheetkidscoloringspot.github.io/images/free-grade-1-count-and-color-worksheet-1219.jpg,Homeschool Math,04/15/2026 08:28:00 AM
Pre-K Count The Objects Worksheet - Part 147 | Printable Practice,Free printable Counting Objects worksheet for Pre-K. Perfect for homeschool practice and classroom activities.,https://mathworksheetkidscoloringspot.github.io/html/pre-k-count-the-objects-worksheet-part-147-7789.html,https://mathworksheetkidscoloringspot.github.io/images/pre-k-count-the-objects-worksheet-part-147-7789.jpg,Homeschool Math,04/15/2026 11:01:00 AM
Printable Free 12 Division Math Worksheet For Grade 2 - Part 148 | Printable Practice,Fun and engaging Division worksheet for Grade 2. Perfect printable math practice.,https://mathworksheetkidscoloringspot.github.io/html/printable-free-12-division-math-worksheet-for-grade-2-part-148-9573.html,https://mathworksheetkidscoloringspot.github.io/images/printable-free-12-division-math-worksheet-for-grade-2-part-148-9573.jpg,Elementary Math Activities,04/15/2026 01:30:00 PM
Complete Math Skill Test Worksheet,Help kids master Math with this printable worksheet for Math. Great for daily math practice.,https://mathworksheetkidscoloringspot.github.io/html/complete-math-skill-test-worksheet-1811.html,https://mathworksheetkidscoloringspot.github.io/images/complete-math-skill-test-worksheet-1811.jpg,Elementary Math Activities,04/15/2026 04:31:00 PM
Missing Number Math Worksheet,Printable Missing Number worksheet designed for Grade 1 students. Easy and fun math practice.,https://mathworksheetkidscoloringspot.github.io/html/missing-number-math-worksheet-7039.html,https://mathworksheetkidscoloringspot.github.io/images/missing-number-math-worksheet-7039.jpg,Kids Math Worksheets,04/15/2026 08:28:00 PM
Mixed Operations Math Worksheet,Fun and engaging Mixed Operations worksheet for Grade 3. Perfect printable math practice.,https://mathworksheetkidscoloringspot.github.io/html/mixed-operations-math-worksheet-8551.html,https://mathworksheetkidscoloringspot.github.io/images/mixed-operations-math-worksheet-8551.jpg,Math Practice Printables,04/16/2026 08:31:00 AM
Printable Free 18 Multiplication Math Worksheet For Grade 2 - Part 152 | Printable Practice,Teachers and parents love this Multiplication worksheet for Grade 2. Download and print instantly.,https://mathworksheetkidscoloringspot.github.io/html/printable-free-18-multiplication-math-worksheet-for-grade-2-part-152-2439.html,https://mathworksheetkidscoloringspot.github.io/images/printable-free-18-multiplication-math-worksheet-for-grade-2-part-152-2439.jpg,Kids Math Worksheets,04/16/2026 11:08:00 AM
Printable Free 16 Subtraction Math Worksheet For Grade 3 - Part 153 | Printable Practice,Teachers and parents love this Subtraction worksheet for Grade 3. Download and print instantly.,https://mathworksheetkidscoloringspot.github.io/html/printable-free-16-subtraction-math-worksheet-for-grade-3-part-153-9269.html,https://mathworksheetkidscoloringspot.github.io/images/printable-free-16-subtraction-math-worksheet-for-grade-3-part-153-9269.jpg,Math Practice Printables,04/16/2026 01:31:00 PM
3 Times Table Worksheet For Grade 2 With Answers - Part 154 | Printable Practice,Printable Times Table worksheet designed for Grade 2 students. Easy and fun math practice.,https://mathworksheetkidscoloringspot.github.io/html/3-times-table-worksheet-for-grade-2-with-answers-part-154-7579.html,https://mathworksheetkidscoloringspot.github.io/images/3-times-table-worksheet-for-grade-2-with-answers-part-154-7579.jpg,Printable Worksheets,04/16/2026 04:26:00 PM
Printable Tracing Worksheet For Kids - Part 155 | Free Printable,Help kids master Tracing with this printable worksheet for Preschool. Great for daily math practice.,https://mathworksheetkidscoloringspot.github.io/html/printable-tracing-worksheet-for-kids-part-155-9331.html,https://mathworksheetkidscoloringspot.github.io/images/printable-tracing-worksheet-for-kids-part-155-9331.jpg,Elementary Math Activities,04/16/2026 08:25:00 PM
Math Word Problem Worksheet,Printable Word Problem worksheet designed for Grade 3 students. Easy and fun math practice.,https://mathworksheetkidscoloringspot.github.io/html/math-word-problem-worksheet-8506.html,https://mathworksheetkidscoloringspot.github.io/images/math-word-problem-worksheet-8506.jpg,Kids Math Worksheets,04/17/2026 08:33:00 AM
Free 21 Addition Math Worksheet For Grade 3 - Part 157 | Printable Practice,Teachers and parents love this Addition worksheet for Grade 3. Download and print instantly.,https://mathworksheetkidscoloringspot.github.io/html/free-21-addition-math-worksheet-for-grade-3-part-157-5978.html,https://mathworksheetkidscoloringspot.github.io/images/free-21-addition-math-worksheet-for-grade-3-part-157-5978.jpg,Printable Worksheets,04/17/2026 11:00:00 AM
Preschool Count and Color Shapes Worksheet,Help kids master Count and Color with this printable worksheet for Preschool. Great for daily math practice.,https://mathworksheetkidscoloringspot.github.io/html/preschool-count-and-color-shapes-worksheet-8156.html,https://mathworksheetkidscoloringspot.github.io/images/preschool-count-and-color-shapes-worksheet-8156.jpg,Elementary Math Activities,04/17/2026 01:28:00 PM
Free Counting Objects Worksheet For Kindergarten Printable - Part 159 | Printable Practice,Help kids master Counting Objects with this printable worksheet for Kindergarten. Great for daily math practice.,https://mathworksheetkidscoloringspot.github.io/html/free-counting-objects-worksheet-for-kindergarten-printable-part-159-7842.html,https://mathworksheetkidscoloringspot.github.io/images/free-counting-objects-worksheet-for-kindergarten-printable-part-159-7842.jpg,Math Practice Printables,04/17/2026 04:37:00 PM
Grade 2 Division Practice Worksheet (28 Problems) - Part 160 | Printable Practice,Printable Division worksheet designed for Grade 2 students. Easy and fun math practice.,https://mathworksheetkidscoloringspot.github.io/html/grade-2-division-practice-worksheet-28-problems-part-160-2189.html,https://mathworksheetkidscoloringspot.github.io/images/grade-2-division-practice-worksheet-28-problems-part-160-2189.jpg,Homeschool Math,04/17/2026 08:24:00 PM
4 Mathematics Problem Set Practice Worksheet,Free printable Math worksheet for Math. Perfect for homeschool practice and classroom activities.,https://mathworksheetkidscoloringspot.github.io/html/4-mathematics-problem-set-practice-worksheet-5786.html,https://mathworksheetkidscoloringspot.github.io/images/4-mathematics-problem-set-practice-worksheet-5786.jpg,Printable Worksheets,04/18/2026 08:31:00 AM
Missing Number Math Worksheet,Fun and engaging Missing Number worksheet for Grade 1. Perfect printable math practice.,https://mathworksheetkidscoloringspot.github.io/html/missing-number-math-worksheet-8060.html,https://mathworksheetkidscoloringspot.github.io/images/missing-number-math-worksheet-8060.jpg,Math Practice Printables,04/18/2026 11:00:00 AM
Mixed Operations Math Worksheet,Free printable Mixed Operations worksheet for Grade 3. Perfect for homeschool practice and classroom activities.,https://mathworksheetkidscoloringspot.github.io/html/mixed-operations-math-worksheet-6226.html,https://mathworksheetkidscoloringspot.github.io/images/mixed-operations-math-worksheet-6226.jpg,Elementary Math Activities,04/18/2026 01:28:00 PM
Grade 1 Multiplication Practice Worksheet (20 Problems) - Part 164 | Printable Practice,Fun and engaging Multiplication worksheet for Grade 1. Perfect printable math practice.,https://mathworksheetkidscoloringspot.github.io/html/grade-1-multiplication-practice-worksheet-20-problems-part-164-1619.html,https://mathworksheetkidscoloringspot.github.io/images/grade-1-multiplication-practice-worksheet-20-problems-part-164-1619.jpg,Printable Worksheets,04/18/2026 04:32:00 PM
Printable Free 15 Subtraction Math Worksheet For Grade 2 - Part 165 | Printable Practice,Fun and engaging Subtraction worksheet for Grade 2. Perfect printable math practice.,https://mathworksheetkidscoloringspot.github.io/html/printable-free-15-subtraction-math-worksheet-for-grade-2-part-165-7617.html,https://mathworksheetkidscoloringspot.github.io/images/printable-free-15-subtraction-math-worksheet-for-grade-2-part-165-7617.jpg,Kids Math Worksheets,04/18/2026 08:35:00 PM
Printable 3 Times Table Worksheet For Grade 2 - Part 166 | Printable Practice,Help kids master Times Table with this printable worksheet for Grade 2. Great for daily math practice.,https://mathworksheetkidscoloringspot.github.io/html/printable-3-times-table-worksheet-for-grade-2-part-166-5974.html,https://mathworksheetkidscoloringspot.github.io/images/printable-3-times-table-worksheet-for-grade-2-part-166-5974.jpg,Homeschool Math,04/19/2026 08:37:00 AM
Printable Tracing Worksheet For Kids - Part 167 | Free Printable,Help kids master Tracing with this printable worksheet for Preschool. Great for daily math practice.,https://mathworksheetkidscoloringspot.github.io/html/printable-tracing-worksheet-for-kids-part-167-7907.html,https://mathworksheetkidscoloringspot.github.io/images/printable-tracing-worksheet-for-kids-part-167-7907.jpg,Printable Worksheets,04/19/2026 11:05:00 AM
Math Word Problem Worksheet,Help kids master Word Problem with this printable worksheet for Grade 3. Great for daily math practice.,https://mathworksheetkidscoloringspot.github.io/html/math-word-problem-worksheet-3724.html,https://mathworksheetkidscoloringspot.github.io/images/math-word-problem-worksheet-3724.jpg,Elementary Math Activities,04/19/2026 01:24:00 PM
Printable Free 18 Addition Math Worksheet For Grade 3 - Part 169 | Printable Practice,Teachers and parents love this Addition worksheet for Grade 3. Download and print instantly.,https://mathworksheetkidscoloringspot.github.io/html/printable-free-18-addition-math-worksheet-for-grade-3-part-169-9430.html,https://mathworksheetkidscoloringspot.github.io/images/printable-free-18-addition-math-worksheet-for-grade-3-part-169-9430.jpg,Elementary Math Activities,04/19/2026 04:25:00 PM
3 Free Count and Color Worksheets for Grade 1,Teachers and parents love this Count and Color worksheet for Grade 1. Download and print instantly.,https://mathworksheetkidscoloringspot.github.io/html/3-free-count-and-color-worksheets-for-grade-1-6849.html,https://mathworksheetkidscoloringspot.github.io/images/3-free-count-and-color-worksheets-for-grade-1-6849.jpg,Printable Worksheets,04/19/2026 08:27:00 PM
Kindergarten Count The Objects Worksheet - Part 171 | Printable Practice,Help kids master Counting Objects with this printable worksheet for Kindergarten. Great for daily math practice.,https://mathworksheetkidscoloringspot.github.io/html/kindergarten-count-the-objects-worksheet-part-171-7475.html,https://mathworksheetkidscoloringspot.github.io/images/kindergarten-count-the-objects-worksheet-part-171-7475.jpg,Kids Math Worksheets,04/20/2026 08:38:00 AM
Free 15 Division Math Worksheet For Grade 2 - Part 172 | Printable Practice,Fun and engaging Division worksheet for Grade 2. Perfect printable math practice.,https://mathworksheetkidscoloringspot.github.io/html/free-15-division-math-worksheet-for-grade-2-part-172-2048.html,https://mathworksheetkidscoloringspot.github.io/images/free-15-division-math-worksheet-for-grade-2-part-172-2048.jpg,Math Practice Printables,04/20/2026 11:00:00 AM
7 Math Challenge Test Worksheet for Practice,Teachers and parents love this Math worksheet for Math. Download and print instantly.,https://mathworksheetkidscoloringspot.github.io/html/7-math-challenge-test-worksheet-for-practice-9906.html,https://mathworksheetkidscoloringspot.github.io/images/7-math-challenge-test-worksheet-for-practice-9906.jpg,Printable Worksheets,04/20/2026 01:24:00 PM
Missing Number Math Worksheet,Teachers and parents love this Missing Number worksheet for Grade 1. Download and print instantly.,https://mathworksheetkidscoloringspot.github.io/html/missing-number-math-worksheet-7212.html,https://mathworksheetkidscoloringspot.github.io/images/missing-number-math-worksheet-7212.jpg,Math Practice Printables,04/20/2026 04:34:00 PM
Mixed Operations Math Worksheet,Fun and engaging Mixed Operations worksheet for Grade 3. Perfect printable math practice.,https://mathworksheetkidscoloringspot.github.io/html/mixed-operations-math-worksheet-8215.html,https://mathworksheetkidscoloringspot.github.io/images/mixed-operations-math-worksheet-8215.jpg,Math Practice Printables,04/20/2026 08:30:00 PM
Free 11 Multiplication Math Worksheet For Grade 2 With Answers - Part 176 | Printable Practice,Fun and engaging Multiplication worksheet for Grade 2. Perfect printable math practice.,https://mathworksheetkidscoloringspot.github.io/html/free-11-multiplication-math-worksheet-for-grade-2-with-answers-part-176-1008.html,https://mathworksheetkidscoloringspot.github.io/images/free-11-multiplication-math-worksheet-for-grade-2-with-answers-part-176-1008.jpg,Math Practice Printables,04/21/2026 08:26:00 AM
Free 14 Subtraction Math Worksheet For Grade 5 - Part 177 | Printable Practice,Help kids master Subtraction with this printable worksheet for Grade 5. Great for daily math practice.,https://mathworksheetkidscoloringspot.github.io/html/free-14-subtraction-math-worksheet-for-grade-5-part-177-6729.html,https://mathworksheetkidscoloringspot.github.io/images/free-14-subtraction-math-worksheet-for-grade-5-part-177-6729.jpg,Kids Math Worksheets,04/21/2026 11:00:00 AM
Grade 4 Multiplication Table 11 Practice - Part 178 | Printable Practice,Fun and engaging Times Table worksheet for Grade 4. Perfect printable math practice.,https://mathworksheetkidscoloringspot.github.io/html/grade-4-multiplication-table-11-practice-part-178-8605.html,https://mathworksheetkidscoloringspot.github.io/images/grade-4-multiplication-table-11-practice-part-178-8605.jpg,Elementary Math Activities,04/21/2026 01:37:00 PM
Printable Tracing Worksheet For Kids - Part 179 | Free Printable,Help kids master Tracing with this printable worksheet for Kindergarten. Great for daily math practice.,https://mathworksheetkidscoloringspot.github.io/html/printable-tracing-worksheet-for-kids-part-179-4955.html,https://mathworksheetkidscoloringspot.github.io/images/printable-tracing-worksheet-for-kids-part-179-4955.jpg,Kids Math Worksheets,04/21/2026 04:36:00 PM
Math Word Problem Worksheet,Teachers and parents love this Word Problem worksheet for Grade 3. Download and print instantly.,https://mathworksheetkidscoloringspot.github.io/html/math-word-problem-worksheet-3455.html,https://mathworksheetkidscoloringspot.github.io/images/math-word-problem-worksheet-3455.jpg,Math Practice Printables,04/21/2026 08:34:00 PM
Free 23 Addition Math Worksheet For Grade 1 - Part 181 | Printable Practice,Printable Addition worksheet designed for Grade 1 students. Easy and fun math practice.,https://mathworksheetkidscoloringspot.github.io/html/free-23-addition-math-worksheet-for-grade-1-part-181-4338.html,https://mathworksheetkidscoloringspot.github.io/images/free-23-addition-math-worksheet-for-grade-1-part-181-4338.jpg,Elementary Math Activities,04/22/2026 08:25:00 AM
Printable Count and Color Worksheet for Preschool Kids,Help kids master Count and Color with this printable worksheet for Preschool. Great for daily math practice.,https://mathworksheetkidscoloringspot.github.io/html/printable-count-and-color-worksheet-for-preschool-kids-2760.html,https://mathworksheetkidscoloringspot.github.io/images/printable-count-and-color-worksheet-for-preschool-kids-2760.jpg,Elementary Math Activities,04/22/2026 11:00:00 AM
Learn Counting With Pictures Worksheet (Kindergarten) - Part 183 | Printable Practice,Fun and engaging Counting Objects worksheet for Kindergarten. Perfect printable math practice.,https://mathworksheetkidscoloringspot.github.io/html/learn-counting-with-pictures-worksheet-kindergarten-part-183-5753.html,https://mathworksheetkidscoloringspot.github.io/images/learn-counting-with-pictures-worksheet-kindergarten-part-183-5753.jpg,Printable Worksheets,04/22/2026 01:32:00 PM
Free 19 Division Math Worksheet For Grade 2 - Part 184 | Printable Practice,Printable Division worksheet designed for Grade 2 students. Easy and fun math practice.,https://mathworksheetkidscoloringspot.github.io/html/free-19-division-math-worksheet-for-grade-2-part-184-6276.html,https://mathworksheetkidscoloringspot.github.io/images/free-19-division-math-worksheet-for-grade-2-part-184-6276.jpg,Elementary Math Activities,04/22/2026 04:36:00 PM
4 Math Knowledge Test Worksheet for Students,Free printable Math worksheet for Math. Perfect for homeschool practice and classroom activities.,https://mathworksheetkidscoloringspot.github.io/html/4-math-knowledge-test-worksheet-for-students-6211.html,https://mathworksheetkidscoloringspot.github.io/images/4-math-knowledge-test-worksheet-for-students-6211.jpg,Math Practice Printables,04/22/2026 08:27:00 PM
Missing Number Math Worksheet,Printable Missing Number worksheet designed for Grade 1 students. Easy and fun math practice.,https://mathworksheetkidscoloringspot.github.io/html/missing-number-math-worksheet-1104.html,https://mathworksheetkidscoloringspot.github.io/images/missing-number-math-worksheet-1104.jpg,Elementary Math Activities,04/23/2026 08:31:00 AM
Mixed Operations Math Worksheet,Printable Mixed Operations worksheet designed for Grade 3 students. Easy and fun math practice.,https://mathworksheetkidscoloringspot.github.io/html/mixed-operations-math-worksheet-6937.html,https://mathworksheetkidscoloringspot.github.io/images/mixed-operations-math-worksheet-6937.jpg,Math Practice Printables,04/23/2026 11:05:00 AM
Printable Free 26 Multiplication Math Worksheet For Grade 1 - Part 188 | Printable Practice,Free printable Multiplication worksheet for Grade 1. Perfect for homeschool practice and classroom activities.,https://mathworksheetkidscoloringspot.github.io/html/printable-free-26-multiplication-math-worksheet-for-grade-1-part-188-4057.html,https://mathworksheetkidscoloringspot.github.io/images/printable-free-26-multiplication-math-worksheet-for-grade-1-part-188-4057.jpg,Elementary Math Activities,04/23/2026 01:24:00 PM
Grade 5 Subtraction Practice Worksheet (11 Problems) - Part 189 | Printable Practice,Help kids master Subtraction with this printable worksheet for Grade 5. Great for daily math practice.,https://mathworksheetkidscoloringspot.github.io/html/grade-5-subtraction-practice-worksheet-11-problems-part-189-9231.html,https://mathworksheetkidscoloringspot.github.io/images/grade-5-subtraction-practice-worksheet-11-problems-part-189-9231.jpg,Homeschool Math,04/23/2026 04:23:00 PM
12 Times Table Worksheet For Grade 4 With Answers - Part 190 | Printable Practice,Free printable Times Table worksheet for Grade 4. Perfect for homeschool practice and classroom activities.,https://mathworksheetkidscoloringspot.github.io/html/12-times-table-worksheet-for-grade-4-with-answers-part-190-5684.html,https://mathworksheetkidscoloringspot.github.io/images/12-times-table-worksheet-for-grade-4-with-answers-part-190-5684.jpg,Homeschool Math,04/23/2026 08:34:00 PM
Printable Tracing Worksheet For Kids - Part 191 | Free Printable,Help kids master Tracing with this printable worksheet for Kindergarten. Great for daily math practice.,https://mathworksheetkidscoloringspot.github.io/html/printable-tracing-worksheet-for-kids-part-191-9074.html,https://mathworksheetkidscoloringspot.github.io/images/printable-tracing-worksheet-for-kids-part-191-9074.jpg,Homeschool Math,04/24/2026 08:31:00 AM
Math Word Problem Worksheet,Help kids master Word Problem with this printable worksheet for Grade 3. Great for daily math practice.,https://mathworksheetkidscoloringspot.github.io/html/math-word-problem-worksheet-1601.html,https://mathworksheetkidscoloringspot.github.io/images/math-word-problem-worksheet-1601.jpg,Math Practice Printables,04/24/2026 11:03:00 AM
Grade 1 Addition Practice Worksheet (22 Problems) - Part 193 | Printable Practice,Fun and engaging Addition worksheet for Grade 1. Perfect printable math practice.,https://mathworksheetkidscoloringspot.github.io/html/grade-1-addition-practice-worksheet-22-problems-part-193-6458.html,https://mathworksheetkidscoloringspot.github.io/images/grade-1-addition-practice-worksheet-22-problems-part-193-6458.jpg,Homeschool Math,04/24/2026 01:23:00 PM
Fun Count and Color Objects Worksheet for Kindergarten,Free printable Count and Color worksheet for Kindergarten. Perfect for homeschool practice and classroom activities.,https://mathworksheetkidscoloringspot.github.io/html/fun-count-and-color-objects-worksheet-for-kindergarten-7150.html,https://mathworksheetkidscoloringspot.github.io/images/fun-count-and-color-objects-worksheet-for-kindergarten-7150.jpg,Printable Worksheets,04/24/2026 04:38:00 PM
Free Counting Objects Worksheet For Kindergarten Printable - Part 195 | Printable Practice,Fun and engaging Counting Objects worksheet for Kindergarten. Perfect printable math practice.,https://mathworksheetkidscoloringspot.github.io/html/free-counting-objects-worksheet-for-kindergarten-printable-part-195-1565.html,https://mathworksheetkidscoloringspot.github.io/images/free-counting-objects-worksheet-for-kindergarten-printable-part-195-1565.jpg,Printable Worksheets,04/24/2026 08:26:00 PM
Free 26 Division Math Worksheet For Grade 2 - Part 196 | Printable Practice,Fun and engaging Division worksheet for Grade 2. Perfect printable math practice.,https://mathworksheetkidscoloringspot.github.io/html/free-26-division-math-worksheet-for-grade-2-part-196-9170.html,https://mathworksheetkidscoloringspot.github.io/images/free-26-division-math-worksheet-for-grade-2-part-196-9170.jpg,Math Practice Printables,04/25/2026 08:32:00 AM
Free Printable General Math Quiz for Students (8 Questions),Teachers and parents love this Math worksheet for Math. Download and print instantly.,https://mathworksheetkidscoloringspot.github.io/html/free-printable-general-math-quiz-for-students-8-questions-3833.html,https://mathworksheetkidscoloringspot.github.io/images/free-printable-general-math-quiz-for-students-8-questions-3833.jpg,Homeschool Math,04/25/2026 11:08:00 AM
Missing Number Math Worksheet,Free printable Missing Number worksheet for Grade 1. Perfect for homeschool practice and classroom activities.,https://mathworksheetkidscoloringspot.github.io/html/missing-number-math-worksheet-1025.html,https://mathworksheetkidscoloringspot.github.io/images/missing-number-math-worksheet-1025.jpg,Elementary Math Activities,04/25/2026 01:30:00 PM
Mixed Operations Math Worksheet,Free printable Mixed Operations worksheet for Grade 3. Perfect for homeschool practice and classroom activities.,https://mathworksheetkidscoloringspot.github.io/html/mixed-operations-math-worksheet-9710.html,https://mathworksheetkidscoloringspot.github.io/images/mixed-operations-math-worksheet-9710.jpg,Homeschool Math,04/25/2026 04:31:00 PM
Grade 2 Multiplication Practice Worksheet (18 Problems) - Part 200 | Printable Practice,Help kids master Multiplication with this printable worksheet for Grade 2. Great for daily math practice.,https://mathworksheetkidscoloringspot.github.io/html/grade-2-multiplication-practice-worksheet-18-problems-part-200-4129.html,https://mathworksheetkidscoloringspot.github.io/images/grade-2-multiplication-practice-worksheet-18-problems-part-200-4129.jpg,Homeschool Math,04/25/2026 08:34:00 PM
